"","PC1","PC2","PC3","PC4","PC5","PC6","PC7"
"X671_Inf_Education",0.54025451321095,0.0454558699981478,0.13431329037958,0.000658224388428316,0.0553312674903582,0.464124758261444,0.685233530420573
"X809_Inf_Education",0.5057086977763,0.199654106110321,0.201614970866704,0.0161062704229806,-0.109688145866935,-0.800928666057751,0.0998535178418493
"X744_Inf_Education",0.211750410278096,0.0465886004087352,-0.679298740076287,-0.699258553619808,0.0239150146932782,-0.0440568747904672,-0.00830823899712399
"X974_Inf_Education",0.513302032969589,0.22072556303694,0.2262454154494,-0.067687141442957,-0.104478411469784,0.36172714168166,-0.700193150602239
"X569_Inf_Leisure.and.cultural.activities",0.19773540851694,-0.668786722142765,-0.167853092066424,0.155005675150271,-0.678587497857364,0.00824709847260467,-0.0295736669621805
"X198_Inf_Leisure.and.cultural.activities",0.287795979039844,-0.583388849241031,-0.0695827623525881,0.148466327964303,0.71603741785456,-0.0970941329203031,-0.166763482988727
"X1041_Inf_Security.and.safety",0.148797658960347,0.34577955520352,-0.6290160220025,0.678326669826962,0.015123461475831,0.0286122723574818,-0.0382118795706421
