"","PC1","PC2","PC3","PC4","PC5","PC6","PC7","PC8","PC9"
"X671_Inf_Education",0.536807290155245,-0.051609230625925,0.0355229896070295,-0.00248298907194667,-0.135417588181601,0.0883953515497999,-0.00548297995322149,-0.464299770747139,0.682752056734714
"X809_Inf_Education",0.50437254243934,-0.150040912584764,0.146964611234695,-0.139892725635618,-0.144923702189723,-0.0234786786319681,0.0799180889989296,0.801947893943005,0.104240289654909
"X744_Inf_Education",0.206317449995876,-0.0835278096720225,0.039097002969254,0.732122266371907,0.358220825762664,-0.526942727636719,-0.0761683773540703,0.0329468803369581,-0.00683442959418753
"X974_Inf_Education",0.508629839751833,-0.159796111228416,0.223407840529243,-0.0493153874221589,-0.195395435299718,0.0142593876010929,0.0870188986033446,-0.351553790899029,-0.702760809538652
"X569_Inf_Leisure.and.cultural.activities",0.19955499336878,0.643247021769787,-0.18666412514853,0.0115956899257356,0.22440427513225,0.0344771147157985,0.676531769864135,0.0111264610993947,-0.0454767419096106
"X198_Inf_Leisure.and.cultural.activities",0.288150740097608,0.426932756184188,-0.439043464764356,0.135517034263775,-0.0122612537795345,0.292379856513442,-0.637052371094566,0.092521327283002,-0.15343175613852
"X484_Inf_Nature.based.assets",0.0402026391553003,0.449464012312411,0.505231078567623,-0.435525536597728,0.216862280809921,-0.430479764004059,-0.339172962680706,-0.0537792517930468,0.0339460022614756
"X633_Inf_Nature.based.assets",-0.0961135333356031,0.190601780095923,0.663489527787632,0.409298950946004,0.0382468214156836,0.582401235636471,-0.0179651004594596,0.0671657570813345,0.0346577989280787
"X1041_Inf_Security.and.safety",0.149893161045336,-0.328522865953298,-0.0511900927786083,-0.257451721397684,0.833761342339816,0.320287943432585,-0.0362921886618347,-0.0232871741218987,-0.0331842469153721
