"","PC1","PC2","PC3","PC4","PC5"
"X348_Urb_Population.density",0.116434388525874,0.741104565482798,-0.612607105031052,0.232322907423551,0.0891384189948426
"X265_Urb_",-0.608138935790584,0.0761726950160266,-0.240521824064664,-0.30912439226814,-0.686262426162872
"X534_Urb_",-0.435877467526355,0.134274446858692,0.37115725889168,0.803711064833253,-0.0909506440890707
"X479_Inf_Noise",-0.268131401828308,-0.606908060628248,-0.639465509077326,0.281562043635261,0.267534737151003
"X877_Urb_Air.quality",-0.595589164273914,0.242063467751329,0.142084266850944,-0.353891956166929,0.664267543579751
