"","PC1","PC2","PC3","PC4"
"X348_Urb_Population.density",0.196094903326593,0.951758740832063,-0.136933707987391,-0.192227073420794
"X265_Urb_",-0.650735970623417,0.273314034165437,-0.0260013311606054,0.707930834222447
"X534_Urb_",-0.504738965067949,-0.0926026621984093,-0.727800133244092,-0.454939875308578
"X479_Inf_Noise",-0.532285696377676,0.104304769458288,0.671476028198016,-0.504888498636484
